station_id,date,time,pm25_aqi,pm25_value,pm10_aqi,pm10_value,o3_aqi,o3_value,co_aqi,co_value,no2_aqi,no2_value,so2_aqi,so2_value,aqi,aqi_param
50t,2026-10-01,01:00,45,22.9,-1,-1,-999,-1,-1,-1,-1,-1,-999,-1,45,PM25
67t,2026-10-01,01:00,25,14.8,-1,-1,-1,-1,-1,-1,-1,-1,-1,-1,25,PM25
02t,2026-10-01,02:00,27,15.5,-1,-1,-1,-1,-1,-1,-1,-1,-1,-1,27,PM25
08t,2026-10-01,02:00,44,22.4,-1,-1,-1,-1,-1,-1,-1,-1,-1,-1,44,PM25
100t,2026-10-01,02:00,56,26.4,18,36,6,9,1,0.20,2,5,0,0,56,PM25
101t,2026-10-01,02:00,18,10.9,10,20,-1,-1,-1,-1,1,2,-1,-1,18,PM25
102t,2026-10-01,02:00,33,17.8,16,32,-1,-1,-1,-1,-1,-1,0,1,33,PM25
103t,2026-10-01,02:00,14,8.5,15,29,-1,-1,2,0.40,-1,-1,-1,-1,15,PM10
104t,2026-10-01,02:00,16,9.4,-1,-1,11,16,1,0.20,1,2,0,0,16,PM25
105t,2026-10-01,02:00,27,15.5,-999,-1,6,8,2,0.30,2,5,0,1,27,PM25
106t,2026-10-01,02:00,13,7.5,-999,-1,6,8,1,0.20,1,2,0,0,13,PM25
107t,2026-10-01,02:00,34,18.6,-1,-1,11,16,3,0.50,2,5,0,0,34,PM25
108t,2026-10-01,02:00,18,10.5,-1,-1,15,21,14,2.50,0,1,1,2,18,PM25
109t,2026-10-01,02:00,19,11.4,-1,-1,9,12,2,0.30,1,3,1,2,19,PM25
110t,2026-10-01,02:00,34,18.6,-999,-1,16,23,2,0.40,1,3,0,0,34,PM25
111t,2026-10-01,02:00,17,10.0,-999,-1,6,8,2,0.40,0,1,0,0,17,PM25
112t,2026-10-01,02:00,24,14.3,-999,-1,1,2,1,0.20,1,3,0,0,24,PM25
113t,2026-10-01,02:00,30,16.7,14,27,10,14,2,0.40,0,0,0,0,30,PM25
114t,2026-10-01,02:00,25,14.9,15,29,16,22,3,0.60,1,3,0,1,25,PM25
115t,2026-10-01,02:00,17,10.2,11,21,6,9,2,0.30,0,1,0,1,17,PM25
116t,2026-10-01,02:00,17,10.2,11,21,14,19,1,0.20,2,4,0,1,17,PM25
117t,2026-10-01,02:00,15,8.9,-999,-1,8,11,1,0.20,1,2,0,1,15,PM25
118t,2026-10-01,02:00,28,15.9,-1,-1,6,9,-1,-1,3,7,-1,-1,28,PM25
119t,2026-10-01,02:00,37,19.8,-1,-1,14,20,3,0.60,1,2,1,3,37,PM25
120t,2026-10-01,02:00,38,19.9,-1,-1,9,13,5,0.90,5,11,0,0,38,PM25
121t,2026-10-01,02:00,43,22.2,-1,-1,16,23,3,0.50,1,3,0,1,43,PM25
13t,2026-10-01,02:00,23,13.8,13,26,10,14,2,0.40,-1,-1,-1,-1,23,PM25
14t,2026-10-01,02:00,31,17.2,-1,-1,4,6,2,0.40,8,18,1,3,31,PM25
16t,2026-10-01,02:00,21,12.8,11,22,-1,-1,-1,-1,-1,-1,-1,-1,21,PM25
17t,2026-10-01,02:00,24,14.4,-1,-1,-1,-1,-1,-1,-1,-1,-1,-1,24,PM25
19t,2026-10-01,02:00,30,16.9,-1,-1,-1,-1,-1,-1,-1,-1,-1,-1,30,PM25
20t,2026-10-01,02:00,42,21.5,16,32,-1,-1,-1,-1,-1,-1,-1,-1,42,PM25
21t,2026-10-01,02:00,25,14.7,-1,-1,-1,-1,-1,-1,-1,-1,-1,-1,25,PM25
22t,2026-10-01,02:00,24,14.2,18,35,-1,-1,-1,-1,-1,-1,-1,-1,24,PM25
24t,2026-10-01,02:00,47,23.8,-1,-1,-1,-1,-1,-1,-1,-1,-1,-1,47,PM25
25t,2026-10-01,02:00,36,19.3,15,30,-1,-1,-999,-1,-1,-1,-999,-1,36,PM25
27t,2026-10-01,02:00,24,14.3,-1,-1,-1,-1,-999,-1,-1,-1,-1,-1,24,PM25
28t,2026-10-01,02:00,136,51.0,27,52,-1,-1,-1,-1,-1,-1,-1,-1,136,PM25
30t,2026-10-01,02:00,50,24.8,23,45,17,24,1,0.20,3,8,-1,-1,50,PM25
31t,2026-10-01,02:00,120,44.6,-1,-1,-1,-1,-1,-1,-1,-1,0,1,120,PM25
33t,2026-10-01,02:00,47,23.6,-1,-1,-1,-1,-999,-1,-1,-1,-999,-1,47,PM25
34t,2026-10-01,02:00,20,12.1,-1,-1,-1,-1,-1,-1,-1,-1,-999,-1,20,PM25
35t,2026-10-01,02:00,24,14.6,-1,-1,-1,-1,-1,-1,-1,-1,-1,-1,24,PM25
36t,2026-10-01,02:00,17,10.0,-1,-1,-999,-1,-1,-1,-1,-1,-1,-1,17,PM25
40t,2026-10-01,02:00,18,10.5,-1,-1,-1,-1,-999,-1,-1,-1,-1,-1,18,PM25
46t,2026-10-01,02:00,47,23.6,-1,-1,-1,-1,-1,-1,-1,-1,-1,-1,47,PM25
47t,2026-10-01,02:00,29,16.2,-1,-1,-1,-1,-1,-1,-1,-1,-1,-1,29,PM25
52t,2026-10-01,02:00,32,17.4,-1,-1,-1,-1,-1,-1,-1,-1,-1,-1,32,PM25
53t,2026-10-01,02:00,35,18.9,-1,-1,-999,-1,-1,-1,-1,-1,-999,-1,35,PM25
57t,2026-10-01,02:00,16,9.6,9,18,-1,-1,-1,-1,-1,-1,-999,-1,16,PM25
58t,2026-10-01,02:00,18,11.0,10,20,-1,-1,-1,-1,-1,-1,-999,-1,18,PM25
59t,2026-10-01,02:00,22,13.1,13,26,-1,-1,-1,-1,8,18,-999,-1,22,PM25
61t,2026-10-01,02:00,31,17.1,-1,-1,-1,-1,-999,-1,-1,-1,-1,-1,31,PM25
68t,2026-10-01,02:00,19,11.4,11,22,-1,-1,-1,-1,-1,-1,-1,-1,19,PM25
69t,2026-10-01,02:00,16,9.8,-1,-1,-1,-1,-1,-1,-1,-1,-1,-1,16,PM25
70t,2026-10-01,02:00,19,11.4,-1,-1,-1,-1,-1,-1,-1,-1,-999,-1,19,PM25
71t,2026-10-01,02:00,23,13.7,11,21,9,13,0,0.00,0,1,5,18,23,PM25
72t,2026-10-01,02:00,-1,-1,-1,-1,-1,-1,-1,-1,0,0,-1,-1,0,NO2
73t,2026-10-01,02:00,30,16.8,-1,-1,-1,-1,-1,-1,-1,-1,-1,-1,30,PM25
75t,2026-10-01,02:00,12,7.4,-1,-1,-1,-1,-1,-1,0,1,-1,-1,12,PM25
79t,2026-10-01,02:00,52,25.4,-1,-1,-1,-1,-1,-1,-1,-1,-1,-1,52,PM25
81t,2026-10-01,02:00,26,15.3,-1,-1,-1,-1,-1,-1,-1,-1,-1,-1,26,PM25
82t,2026-10-01,02:00,42,21.7,22,43,-1,-1,2,0.40,-1,-1,-1,-1,42,PM25
83t,2026-10-01,02:00,25,14.8,14,27,-1,-1,-1,-1,-1,-1,-1,-1,25,PM25
84t,2026-10-01,02:00,26,15.2,16,31,-1,-1,-1,-1,-1,-1,-1,-1,26,PM25
85t,2026-10-01,02:00,15,9.2,-1,-1,-1,-1,-1,-1,-1,-1,-1,-1,15,PM25
87t,2026-10-01,02:00,54,25.8,-1,-1,-1,-1,-1,-1,0,0,-1,-1,54,PM25
88t,2026-10-01,02:00,28,15.8,15,30,-1,-1,-1,-1,3,6,-1,-1,28,PM25
90t,2026-10-01,02:00,16,9.5,9,18,-1,-1,-1,-1,-1,-1,-1,-1,16,PM25
91t,2026-10-01,02:00,19,11.5,-1,-1,-1,-1,-1,-1,-1,-1,-1,-1,19,PM25
92t,2026-10-01,02:00,18,11.0,12,23,-1,-1,-1,-1,-1,-1,-1,-1,18,PM25
93t,2026-10-01,02:00,41,21.1,21,41,-1,-1,2,0.30,2,5,0,0,41,PM25
94t,2026-10-01,02:00,19,11.5,10,19,-1,-1,-1,-1,-1,-1,-1,-1,19,PM25
95t,2026-10-01,02:00,15,9.0,9,18,-1,-1,-1,-1,-1,-1,-1,-1,15,PM25
96t,2026-10-01,02:00,13,7.8,10,19,-1,-1,-1,-1,1,3,0,1,13,PM25
97t,2026-10-01,02:00,15,9.0,9,17,7,10,0,0.00,1,2,1,3,15,PM25
98t,2026-10-01,02:00,17,10.3,11,22,9,12,1,0.20,-1,-1,0,0,17,PM25
99t,2026-10-01,02:00,28,16.0,15,29,11,16,2,0.40,4,10,1,4,28,PM25
bkp100t,2026-10-01,02:00,39,20.4,-999,-1,-999,-1,-999,-1,-999,-1,-999,-1,39,PM25
bkp101t,2026-10-01,02:00,54,25.8,20,40,-999,-1,-999,-1,-999,-1,-999,-1,54,PM25
bkp102t,2026-10-01,02:00,20,12.1,19,38,-999,-1,-999,-1,-999,-1,-999,-1,20,PM25
bkp103t,2026-10-01,02:00,40,20.9,-999,-1,-999,-1,-999,-1,-999,-1,-999,-1,40,PM25
bkp104t,2026-10-01,02:00,22,13.2,14,28,-999,-1,-999,-1,-999,-1,-999,-1,22,PM25
bkp105t,2026-10-01,02:00,44,22.6,-999,-1,-999,-1,-999,-1,-999,-1,-999,-1,44,PM25
bkp114t,2026-10-01,02:00,20,11.7,-999,-1,-999,-1,-999,-1,-999,-1,-999,-1,20,PM25
bkp115t,2026-10-01,02:00,23,13.9,-999,-1,-999,-1,-999,-1,-999,-1,-999,-1,23,PM25
bkp116t,2026-10-01,02:00,22,13.4,-999,-1,-999,-1,-999,-1,-999,-1,-999,-1,22,PM25
bkp117t,2026-10-01,02:00,24,14.2,-999,-1,-999,-1,-999,-1,-999,-1,-999,-1,24,PM25
bkp119t,2026-10-01,02:00,29,16.3,-999,-1,-999,-1,-999,-1,-999,-1,-999,-1,29,PM25
bkp120t,2026-10-01,02:00,33,18.0,-999,-1,-999,-1,-999,-1,-999,-1,-999,-1,33,PM25
bkp121t,2026-10-01,02:00,14,8.4,-999,-1,-999,-1,-999,-1,-999,-1,-999,-1,14,PM25
bkp122t,2026-10-01,02:00,21,12.5,-999,-1,-999,-1,-999,-1,-999,-1,-999,-1,21,PM25
bkp123t,2026-10-01,02:00,23,13.7,-999,-1,-999,-1,-999,-1,-999,-1,-999,-1,23,PM25
bkp124t,2026-10-01,02:00,31,17.1,-999,-1,-999,-1,-999,-1,-999,-1,-999,-1,31,PM25
bkp125t,2026-10-01,02:00,42,21.8,-999,-1,-999,-1,-999,-1,-999,-1,-999,-1,42,PM25
bkp126t,2026-10-01,02:00,24,14.4,-999,-1,-999,-1,-999,-1,-999,-1,-999,-1,24,PM25
bkp127t,2026-10-01,02:00,23,14.0,-999,-1,-999,-1,-999,-1,-999,-1,-999,-1,23,PM25
bkp129t,2026-10-01,02:00,41,21.2,-999,-1,-999,-1,-999,-1,-999,-1,-999,-1,41,PM25
bkp130t,2026-10-01,02:00,23,14.0,-999,-1,-999,-1,-999,-1,-999,-1,-999,-1,23,PM25
bkp131t,2026-10-01,02:00,21,12.3,-999,-1,-999,-1,-999,-1,-999,-1,-999,-1,21,PM25
bkp133t,2026-10-01,02:00,22,13.0,-999,-1,-999,-1,-999,-1,-999,-1,-999,-1,22,PM25
bkp56t,2026-10-01,02:00,31,17.2,29,55,-999,-1,-999,-1,-999,-1,-999,-1,31,PM25
bkp57t,2026-10-01,02:00,34,18.5,26,51,-999,-1,-999,-1,-999,-1,-999,-1,34,PM25
bkp58t,2026-10-01,02:00,34,18.5,31,57,-999,-1,-999,-1,-999,-1,-999,-1,34,PM25
bkp59t,2026-10-01,02:00,44,22.4,33,60,-999,-1,-999,-1,-999,-1,-999,-1,44,PM25
bkp60t,2026-10-01,02:00,22,13.1,21,41,-999,-1,-999,-1,-999,-1,-999,-1,22,PM25
bkp61t,2026-10-01,02:00,29,16.3,16,32,-999,-1,-999,-1,-999,-1,-999,-1,29,PM25
bkp62t,2026-10-01,02:00,34,18.2,-999,-1,-999,-1,-999,-1,-999,-1,-999,-1,34,PM25
bkp63t,2026-10-01,02:00,33,18.1,-999,-1,-999,-1,-999,-1,-999,-1,-999,-1,33,PM25
bkp64t,2026-10-01,02:00,56,26.3,-999,-1,-999,-1,-999,-1,-999,-1,-999,-1,56,PM25
bkp65t,2026-10-01,02:00,67,29.1,-999,-1,-999,-1,-999,-1,-999,-1,-999,-1,67,PM25
bkp66t,2026-10-01,02:00,33,18.0,-999,-1,-999,-1,-999,-1,-999,-1,-999,-1,33,PM25
bkp67t,2026-10-01,02:00,34,18.6,-999,-1,-999,-1,-999,-1,-999,-1,-999,-1,34,PM25
bkp69t,2026-10-01,02:00,59,27.2,-999,-1,-999,-1,-999,-1,-999,-1,-999,-1,59,PM25
bkp70t,2026-10-01,02:00,26,15.2,18,35,-999,-1,-999,-1,-999,-1,-999,-1,26,PM25
bkp71t,2026-10-01,02:00,34,18.5,22,43,-999,-1,-999,-1,-999,-1,-999,-1,34,PM25
bkp72t,2026-10-01,02:00,43,22.0,38,66,-999,-1,-999,-1,-999,-1,-999,-1,43,PM25
bkp73t,2026-10-01,02:00,42,21.9,-999,-1,-999,-1,-999,-1,-999,-1,-999,-1,42,PM25
bkp74t,2026-10-01,02:00,28,16.1,20,39,-999,-1,-999,-1,-999,-1,-999,-1,28,PM25
bkp75t,2026-10-01,02:00,44,22.7,17,34,-999,-1,-999,-1,-999,-1,-999,-1,44,PM25
bkp77t,2026-10-01,02:00,34,18.2,17,34,-999,-1,-999,-1,-999,-1,-999,-1,34,PM25
bkp78t,2026-10-01,02:00,53,25.6,-999,-1,-999,-1,-999,-1,-999,-1,-999,-1,53,PM25
bkp79t,2026-10-01,02:00,55,26.2,20,39,-999,-1,-999,-1,-999,-1,-999,-1,55,PM25
bkp80t,2026-10-01,02:00,55,26.1,38,66,-999,-1,-999,-1,-999,-1,-999,-1,55,PM25
bkp81t,2026-10-01,02:00,65,28.7,48,78,-999,-1,-999,-1,-999,-1,-999,-1,65,PM25
bkp82t,2026-10-01,02:00,21,12.5,-999,-1,-999,-1,-999,-1,-999,-1,-999,-1,21,PM25
bkp83t,2026-10-01,02:00,17,10.3,-999,-1,-999,-1,-999,-1,-999,-1,-999,-1,17,PM25
bkp84t,2026-10-01,02:00,35,18.7,26,51,-999,-1,-999,-1,-999,-1,-999,-1,35,PM25
bkp85t,2026-10-01,02:00,29,16.3,-999,-1,-999,-1,-999,-1,-999,-1,-999,-1,29,PM25
bkp86t,2026-10-01,02:00,26,15.2,14,28,-999,-1,-999,-1,-999,-1,-999,-1,26,PM25
bkp87t,2026-10-01,02:00,29,16.5,17,34,-999,-1,-999,-1,-999,-1,-999,-1,29,PM25
bkp88t,2026-10-01,02:00,33,17.8,-999,-1,-999,-1,-999,-1,-999,-1,-999,-1,33,PM25
bkp89t,2026-10-01,02:00,35,18.9,26,51,-999,-1,-999,-1,-999,-1,-999,-1,35,PM25
bkp90t,2026-10-01,02:00,32,17.6,22,43,-999,-1,-999,-1,-999,-1,-999,-1,32,PM25
bkp91t,2026-10-01,02:00,20,12.2,20,40,-999,-1,-999,-1,-999,-1,-999,-1,20,PM25
bkp92t,2026-10-01,02:00,35,18.7,-999,-1,-999,-1,-999,-1,-999,-1,-999,-1,35,PM25
bkp93t,2026-10-01,02:00,25,14.9,18,36,-999,-1,-999,-1,-999,-1,-999,-1,25,PM25
bkp94t,2026-10-01,02:00,41,21.2,-999,-1,-999,-1,-999,-1,-999,-1,-999,-1,41,PM25
bkp95t,2026-10-01,02:00,31,17.2,-999,-1,-999,-1,-999,-1,-999,-1,-999,-1,31,PM25
bkp96t,2026-10-01,02:00,32,17.6,16,32,-999,-1,-999,-1,-999,-1,-999,-1,32,PM25
bkp97t,2026-10-01,02:00,41,21.4,-999,-1,-999,-1,-999,-1,-999,-1,-999,-1,41,PM25
bkp98t,2026-10-01,02:00,57,26.6,-999,-1,-999,-1,-999,-1,-999,-1,-999,-1,57,PM25
bkp99t,2026-10-01,02:00,29,16.4,11,22,-999,-1,-999,-1,-999,-1,-999,-1,29,PM25
o10,2026-10-01,02:00,29,16.2,-999,-1,-999,-1,-999,-1,-999,-1,-999,-1,29,PM25
o61,2026-10-01,02:00,39,20.6,-999,-1,-999,-1,-999,-1,-999,-1,-999,-1,39,PM25
o63,2026-10-01,02:00,43,22.3,-999,-1,-999,-1,-999,-1,-999,-1,-999,-1,43,PM25
o72,2026-10-01,02:00,17,10.0,-999,-1,-999,-1,-999,-1,-999,-1,-999,-1,17,PM25
